laodong,zingnews,thanhnien.vn,24h.com.vn,vtv.vn,vnexpress,danviet,dantri,vov.vn,tienphong,tuoitre.vn,soha,nld,kenh14,vietnamnet.vn,docbao.vn,cafebiz,vtc.vn,bongdaplus,baoquocte,anninhthudo,eva.vn,thethaovanhoa,baochinhphu,qdnd.vn
Xã hội,Thể thao,Thời sự,Tin tức trong ngày,Xã hội,Thế giới,Nhà nông,Thế giới,THẾ GIỚI              ,Xã hội                ,Thời sự          ,Thời sự - Xã hội  ,Trong nước          ,Xã Hội              ,Thời sự        ,Xã hội        ,Kinh doanh     ,Tin nhanh 24h           ,Ngoại hạng Anh               ,Thế giới               ,Chính trị - Xã hội   ,Tin tức            ,Thời sự    ,Kinh tế                                                   ,Chính trị                                    
Thể thao,Thế giới,Thể thao,Thế giới,Kinh tế,Sức khỏe,Thể thao,Xã hội,XÃ HỘI                 ,Thể thao                ,Thế giới            ,Đời sống           ,Pháp luật            ,Star                ,Thể thao       ,Thể thao      ,Sống           ,Thời sự quốc tế          ,V-League                      ,Kinh tế,Đời sống            ,Clip Eva           ,Thể thao,Chính trị                                                ,Quốc phòng - An ninh                         
Pháp luật,Pháp luật,Thế giới,Pháp luật,Thế giới,Thể thao,Thế giới,Thể thao                   ,THỂ THAO                ,Pháp luật               ,Kinh doanh        ,Quân Sự            ,Quốc tế              ,Sao Việt           ,Kinh Doanh     ,Pháp luật     ,Xã hội          ,Bóng đá Việt Nam        ,Chuyển nhượng                  ,Xã hội,Pháp luật           ,Sức khỏe           ,,Xã hội                                                    ,Kinh tế                                      
Kinh doanh,Xã hội,Video,Bóng đá,Truyền hình,Thời sự,Tin tức,Kinh doanh                ,KINH TẾ                 ,Thế giới                ,Thể thao         ,Quốc tế           ,Kinh tế             ,Thế Giới Đó Đây      ,Giải trí        ,Thế giới      ,Công nghệ       ,Sao Việt                ,La Liga                       ,Thời sự                ,Thế giới            ,Giải trí          ,,Trả lời công dân - doanh nghiệp                           ,Xã hội                                       
Văn hóa - Giải trí,Giải trí,Tài chính - Kinh doanh,Thể thao,Văn hóa - Giải trí,Kinh doanh,Kinh tế,Giáo dục - Hướng nghiệp   ,PHÁP LUẬT               ,Giải trí                ,Giáo dục           ,Khám phá           ,Sức khỏe             ,Đời sống             ,Thế giới       ,Sao 360°      ,Kinh tế vĩ mô,Thị trường - Tiêu dùng   ,Soi kèo                       ,Giải trí               ,Quân sự             ,Sao quốc tế        ,,"Chỉ đạo, quyết định của Chính phủ - Thủ tướng Chính phủ   ",Quốc tế                                      
Thời sự,Đời sống,Giải trí,Bạn trẻ - Cuộc sống,Chính trị,Giải trí,Chuyển động Sài Gòn,Pháp luật                 ,CHÍNH TRỊ               ,Kinh tế                 ,Pháp luật         ,Pháp luật         ,Thể thao             ,Học Đường            ,Sức khỏe        ,Giải trí       ,,Bản tin 113              ,Hậu trường bóng đá             ,Thể thao              ,Thể thao            ,Nuôi con          ,,Chính sách mới                                             ,Giáo dục - Khoa học                           
Công đoàn,Kinh doanh,Văn hóa,Thời sự,Pháp luật,Pháp luật,Văn hóa - Giải trí,Giải trí                  ,VĂN HÓA                 ,Giáo dục                ,Xe                 ,Cư dân mạng        ,Công đoàn            ,Bóng Đá             ,Giáo dục       ,Đời sống       ,,Video                    ,eSports                        ,Ngoại giao           ,Kinh doanh          ,Eva tám           ,,Khoa giáo                                                 ,Thể thao                                      
Giáo dục,Sức khỏe,Sức khỏe,Ô tô,Giáo dục,Giáo dục,Pháp luật,Sức khỏe                   ,GIẢI TRÍ                ,Giới trẻ                ,Sức khỏe         ,Giải trí           ,Văn nghệ             ,Star Style           ,Đời sống        ,Kinh tế        ,,Giới trẻ                 ,Tennis                        ,Văn hóa                ,Văn hóa - Giải trí  ,Xem ăn chơi       ,,Văn hóa,Văn hóa                                       
Thế giới,Xuất bản,Giáo dục,Thời trang Hi-tech,Công nghệ,Khoa học,Giáo Dục,Bất động sản              ,Doanh nghiệp            ,Sức khỏe               ,Cần biết          ,Sống khỏe         ,Giáo dục             ,Sức Khỏe             ,Công nghệ      ,Gia đình      ,,Tin tức - Sự kiện       ,Bundesliga                     ,Người Việt              ,Xe+                 ,Nhân vật đẹp      ,,,Y tế                                         
Sức khỏe,Công nghệ,Công nghệ - Game,Sức khỏe đời sống,Thời sự,Xe,Đời sống,Văn hóa                   ,Ô TÔ - XE MÁY           ,Địa ốc                  ,Giải trí           ,Kinh doanh         ,Giải trí              ,Series Truyền Hình   ,Ô tô - Xe máy   ,Giới trẻ      ,,Tin tức                ,Ligue 1                        ,Công nghệ               ,Video,Thời trang Sao    ,,,Cùng bàn luận                                 
Gia đình - Hôn nhân,Xe,Đời sống,Giải trí,Đời sống,Số hóa,Gia đình,Ô tô - Xe máy             ,CÔNG NGHỆ               ,Văn hóa                 ,Nhịp sống trẻ      ,Xe                 ,Bạn đọc              ,TV Show              ,Bất động sản    ,Video          ,,Tư vấn                  ,Giao hữu Quốc tế               ,Góc nhìn nhân quyền     ,,Cuộc sống mẹ bầu   ,,,Tư liệu - Hồ sơ                               
Công nghệ,Giáo dục,Giới trẻ,Đời sống Showbiz,Chuyển động 24h,Du lịch,Bạn đọc,Sức mạnh số                ,Du lịch                 ,Người lính              ,Văn hóa            ,Công nghệ     ,Thời sự trong nước   ,Thời trang           ,Video          ,Công nghệ      ,,Sống kết nối            ,Các đội tuyển trẻ              ,Lịch thi đấu bóng đá    ,,Phim               ,,,Bạn đọc                                       
Bạn đọc,Du lịch,Xe,Công nghệ thông tin,Chương trình khác,Tâm sự,Đông Tây - Kim Cổ,An sinh                   ,ĐỜI SỐNG                ,Hoa hậu                 ,Du Lịch           ,,Khoa học              ,Phim Việt Nam       ,Pháp luật      ,Ôtô - Xe máy,,Bất động sản            ,Serie A                      ,Dự báo thời tiết        ,,Cây cảnh - Vườn   ,,,Pháp luật                                     
Bất động sản,Thời trang,Bạn đọc,Thời trang,,Ý kiến,Chuyển động số,Đời sống                  ,SỨC KHỎE                ,Khoa học                ,Bạn đọc làm báo    ,,Công nghệ             ,Phim Chiếu Rạp       ,Du lịch         ,,,Tuyển sinh               ,Bóng đá Thế giới               ,Tin ảnh                 ,,Tâm sự,,,"Phòng, chống diễn biến hòa bình               "
Xe +,Phim ảnh,,Làm đẹp,,Đời sống,Ảnh - Clip,Du Lịch                   ,QUÂN SỰ - QUỐC PHÒNG,Bạn đọc                  ,Nhà đất            ,,Du lịch xanh           ,Châu Á               ,Bạn đọc,,,Tài chính,Tin chuyển nhượng Man United    ,Ô tô+                  ,,,,,"PHÒNG, CHỐNG ""TỰ DIỄN BIẾN, TỰ CHUYỂN HÓA""    "
Thông tin doanh nghiệp,Âm nhạc,,Cười 24H,,Góc nhìn,Du lịch,Khoa học - Công nghệ      ,NGƯỜI VIỆT               ,Xe                      ,Khoa học           ,,Video                 ,Việt Nam             ,,,,,Tin chuyển nhượng Chelsea      ,Biển Đông 24/7     ,,,,,Phóng sự - Điều tra                           
LĐLĐ TP. Hà Nội,Lifestyle,,Giáo dục - du học,,,Hà Nội hôm nay,Lao động - Việc làm        ,PODCAST                  ,Nhịp sống phương Nam    ,Công nghệ          ,,Kết quả xổ số,eSport,,,,,Bóng đá Việt Nam               ,,,,,,Dân tộc - Tôn giáo                            
Kinh tế,Nhịp sống,,Kinh doanh,,,Ô tô - Xe máy,Tình yêu - Giới tính       ,Kinh tế                  ,Nhịp sống Thủ đô        ,Giả - Thật         ,,,,,,,,Bóng đá nữ Việt Nam            ,,,,,,Tô thắm phẩm chất Bộ đội Cụ Hồ                
,Ẩm thực,,Thị trường - Tiêu dùng,,,Hội nông dân,Nhịp sống trẻ              ,MULTIMEDIA               ,Phóng sự                ,Video,,,,,,,,Điểm tin                       ,,,,,,Du lịch                                       
,,,Xe máy - Xe đạp,,,Thời sự,Tấm lòng nhân ái           ,GÓC NHÌN                 ,Tôi nghĩ                ,,,,,,,,,AFC Cup                        ,,,,,,Pháp luật                               
,,,Ẩm thực,,,Xe & Số,Bạn đọc,Thể thao                 ,Video                   ,,,,,,,,,Tin chuyển nhượng Man City     ,,,,,,
,,,Du lịch                   ,,,Doanh nghiệp,,Sách nói ,Ảnh ,,,,,,,,,Tin chuyển nhượng Arsenal      ,,,,,,
,,,Media                    ,,,,,,,,,,,,,,,Lịch thi đấu bóng đá           ,,,,,,
,,,Phi thường - kỳ quặc      ,,,,,,,,,,,,,,,U23 Châu Á                    ,,,,,,
,,,Sản xuất - Tiêu dùng      ,,,,,,,,,,,,,,,Bóng đá Châu Á                 ,,,,,,
,,,Tài chính                 ,,,,,,,,,,,,,,,Hạng nhất Việt Nam             ,,,,,,
,,,Chứng khoán               ,,,,,,,,,,,,,,,Thể thao                       ,,,,,,
,,,Doanh nghiệp              ,,,,,,,,,,,,,,,Tin chuyển nhượng Liverpool    ,,,,,,
,,,Giá vàng hôm nay          ,,,,,,,,,,,,,,,World Cup 2022    ,,,,,,
,,,Bất động sản              ,,,,,,,,,,,,,,,,,,,,,
,,,Doanh nhân                ,,,,,,,,,,,,,,,,,,,,,
,,,Giá cả hàng hóa,,,,,,,,,,,,,,,,,,,,,
